year,accuracy
2017,0.975371383893667
2018,0.9650639294075275
2019,0.9778296382730455
2020,0.9521961819028403
2021,0.948432760364004
